<?xml version="1.0" encoding="UTF-8"?>
<addon id="plugin.program.tvhighlights" name="TV Highlights grabber" version="0.0.2" provider-name="TDOe">
    <requires>
        <import addon="xbmc.python" version="2.1.0"/>
    </requires>
    <extension point="xbmc.python.pluginsource" library="default.py">
        <provides>executable</provides>
    </extension>
    <extension point="xbmc.service" library="starter.py" start="[login|startup]">
    </extension>

    <extension point="xbmc.addon.metadata">
        <platform>all</platform>
        <summary lang="en">Fetch todays TV Highlights from www.tvdigital.de</summary>
        <language></language>
        <description lang="en">Fetch todays TV Highlights from www.tvdigital.de</description>
        <license>GNU GENERAL PUBLIC LICENSE. Version 2, June 1991</license>
        <source>https://github.com/tobias-d-oe/plugin.program.tvhighlights</source>
        <forum>-</forum>
        <email>-</email>
        <website>-</website>
    </extension>
</addon>
